{
  "added_tokens_decoder": {
    "0": {
      "content": "<unk>",
      "lstrip": false,
      "normalized": true,
      "rstrip": false,
      "single_word": false,
      "special": true
    },
    "1": {
      "content": "<s>",
      "lstrip": false,
      "normalized": true,
      "rstrip": false,
      "single_word": false,
      "special": true
    },
    "2": {
      "content": "</s>",
      "lstrip": false,
      "normalized": true,
      "rstrip": false,
      "single_word": false,
      "special": true
    },
    "32000": {
      "content": "<pad>",
      "lstrip": false,
      "normalized": true,
      "rstrip": false,
      "single_word": false,
      "special": false
    }
  },
  "bos_token": "<s>",
  "clean_up_tokenization_spaces": false,
  "eos_token": "</s>",
  "legacy": false,
  "model_max_length": 1000000000000000019884624838656,
  "pad_token": "</s>",
  "sp_model_kwargs": {},
  "tokenizer_class": "LlamaTokenizer",
  "unk_token": "<unk>",
  "use_default_system_prompt": false
}
